prompt,win
A book cover with logo 'But Joy Comes' on it,Images/1.png
A book design with a title text of 'Cine Roman',Images/2.png
A book of 'Acting Class',Images/3.png
A book design with a title text of 'Only the Righteous',Images/4.png
A book with text 'Red Hook' on it,Images/5.png
A book cover with a title text of 'The Faculty of Useless Knowledge',Images/6.png
A cover titled 'Bad Times',Images/7.png
A cover titled 'Is This All There Is  a Bit of a Giggle Novel',Images/8.png
A book design with a title text of 'New England Legends',Images/9.png
A cover titled 'The haunted monastery',Images/10.png
A book with a title text of 'Structural Engineering Formulas',Images/11.png
A book with text 'The ghosts of Izieu' on it,Images/12.png
A book of 'The Stanley Turrentine Collection  Artist Transcriptions',Images/13.png
A book with text 'Wind over Stonehenge' on it,Images/14.png
A cover named 'Hysteria',Images/15.png
A cover named 'Wavewalker',Images/16.png
A book cover with logo 'Guide to Tolkien s world' on it,Images/17.png
A book cover with logo 'Fever' on it,Images/18.png
A book cover with logo 'Professional Betrayal' on it,Images/19.png
A book cover with logo 'Longfellow s Country' on it,Images/20.png
A book cover with a title text of 'Histoire de Jean l ont pris',Images/21.png
A cover named 'Don t Ask Me To Believe',Images/22.png
A cover named 'Notes on Aryan and Dravidian Philology',Images/23.png
A book design with a title text of 'Fake Vol  2',Images/24.png
A book design with a title text of 'Taken Identity',Images/25.png
A book cover with a title text of 'Holy Cross',Images/26.png
A cover named 'Shadows on the water',Images/27.png
A book cover with logo 'The man who said no ' on it,Images/28.png
A book cover with a title text of 'On The Apparel Of Women',Images/29.png
A book cover with logo 'Thre Poetical Works of Constance Naden' on it,Images/30.png
A cover titled 'Solar station',Images/31.png
A book design with a title text of 'Dream master nightmare',Images/32.png
A book cover with logo 'Programming Skills Through C' on it,Images/33.png
A book of 'God s guiding touch for mothers',Images/34.png
A cover named 'I Choose to Forgive',Images/35.png
A book cover with a title text of 'Cafe noisette',Images/36.png
A book with text 'Kentucky' on it,Images/37.png
A book with a title text of 'After the Ashes',Images/38.png
A book cover with a title text of 'God of my silent tears',Images/39.png
A book design with a title text of 'Photodermatology',Images/40.png
A cover named 'Valeria Heisenberg',Images/41.png
A book with text 'Precalculus' on it,Images/42.png
A book with a title text of 'The saga of Aslak',Images/43.png
A book cover with a title text of 'Irish Ice',Images/44.png
A book cover with a title text of 'Leonardo da Vinci',Images/45.png
A cover titled 'Prinz bleibt Frosch',Images/46.png
A book with text 'Police Officer s Night Before Christmas' on it,Images/47.png
A cover titled 'The Flying Bo sun  A Mystery of the Sea',Images/48.png
A cover named 'Satire and romanticism',Images/49.png
A cover titled 'Luke Looks Back',Images/50.png
A book with text 'Manual transmission clutch systems' on it,Images/51.png
A book with text 'The Sweet Collection' on it,Images/52.png
A book cover with logo 'Les Soeurs Materassi' on it,Images/53.png
A book cover with logo 'Les Vikings' on it,Images/54.png
A book of 'The Coming King',Images/55.png
A book with a title text of 'Hearts remember',Images/56.png
A book cover with a title text of 'Purely Rosie Pearl',Images/57.png
A book with text 'Of Yachts   Men' on it,Images/58.png
A book with text 'Testament for the New World 1945' on it,Images/59.png
A book cover with a title text of 'Sadako and the Thousand Paper Cranes',Images/60.png
A book with a title text of 'The Closer s Song',Images/61.png
A book with text 'Toledo' on it,Images/62.png
A cover named 'Set the Seas on Fire',Images/63.png
A book design with a title text of 'Albertville',Images/64.png
A cover titled 'Caillou  Le loup',Images/65.png
A cover titled 'Calculus with complex numbers',Images/66.png
A book cover with logo 'The Great Infidels   Pamphlet' on it,Images/67.png
A book design with a title text of 'Journey Out of Hades',Images/68.png
A cover named 'Indian Boy s Story',Images/69.png
A book design with a title text of 'Murder Beyond Metropolis',Images/70.png
A cover named 'Ankylosaurus',Images/71.png
A book cover with a title text of 'The Blessed Angels',Images/72.png
A book with a title text of 'Bahrain',Images/73.png
A book cover with a title text of 'Discovery',Images/74.png
A cover named 'La prison re publicaine  1871 1914',Images/75.png
A book with text 'The Works of Laurence Sterne V3' on it,Images/76.png
A book with a title text of 'Jules Verne',Images/77.png
A book design with a title text of 'Revierta el Envejecimiento',Images/78.png
A cover named 'My Favorite Recipes',Images/79.png
A book with text 'Up and running with C  ' on it,Images/80.png
A cover titled 'Detour',Images/81.png
A book with a title text of 'The Story of the Minnesota Timberwolves  The NBA  a History of Hoops',Images/82.png
A cover named 'Crewe',Images/83.png
A book design with a title text of 'Beneath the Red Tile Floor',Images/84.png
A cover named 'Green Lantern',Images/85.png
A book design with a title text of 'American Barns and Covered Bridges  Americana',Images/86.png
A book with text 'William Beckford' on it,Images/87.png
A book design with a title text of 'Mental Health and Hindu Psychology',Images/88.png
A cover titled 'AMC Muscle Cars  Muscle Car Color History',Images/89.png
A book with text 'Freedom From Fear' on it,Images/90.png
A cover named 'Zoo',Images/91.png
A book with text 'Summer of Speed' on it,Images/92.png
A book design with a title text of 'An introduction to immunotoxicology',Images/93.png
A book design with a title text of 'Tibet',Images/94.png
A cover titled 'Trotsky',Images/95.png
A book cover with a title text of 'James Thomson',Images/96.png
A cover named 'Astral Worship',Images/97.png
A book with a title text of 'The Spirit of Palm Springs',Images/98.png
A book with a title text of 'I Lift My Lamp',Images/99.png
A book with a title text of 'Egyptian Stickers',Images/100.png
A movie poster of 'Homeless Hare',Images/101.png
A TV show poster with a title text of 'Wendy and Lucy',Images/102.png
A movie poster titled 'Slugs',Images/103.png
A TV show poster with text 'Invasion of the Bunny Snatchers on it',Images/104.png
A movie poster titled 'My Son Hunter',Images/105.png
A movie poster of 'Curious George',Images/106.png
A TV show poster with logo 'Barbie and the Magic of Pegasus' on it,Images/107.png
A poster design with a title text of 'Night of Love',Images/108.png
A movie poster named 'Pear Cider and Cigarettes',Images/109.png
A TV show poster titled 'Sardon',Images/110.png
A poster design with a title text of 'Inferno',Images/111.png
A movie poster titled 'Plano B',Images/112.png
A TV show poster titled 'Thank Heaven',Images/113.png
A movie poster with text 'The Colour Room' on it,Images/114.png
A movie poster with a title text of 'Kick Ass 2',Images/115.png
A movie poster with a title text of 'Half Baked',Images/116.png
A TV show poster with a title text of 'Step Up',Images/117.png
A poster design with a title text of 'Magical Caresses',Images/118.png
A TV show poster named 'Thundering Thompson',Images/119.png
A TV show poster with logo 'A Little Princess' on it,Images/120.png
A TV show poster with logo 'Street Angel' on it,Images/121.png
A movie poster with text 'Am lie' on it,Images/122.png
A movie poster with a title text of 'The Other Woman',Images/123.png
A movie poster named 'Veneciafrenia',Images/124.png
A TV show poster with logo 'Monotony' on it,Images/125.png
A movie poster named 'Multi Handicapped',Images/126.png
A movie poster with a title text of 'Robbed of Truth',Images/127.png
A TV show poster with a title text of 'Fedora Samurai',Images/128.png
A movie poster named 'Pequenos',Images/129.png
A TV show poster with text 'British Inland Waterways with John Noakes on it',Images/130.png
A TV show poster with a title text of '80 Day Obsession  Day 80 Booty  Phase 2',Images/131.png
A movie poster with a title text of 'All This Panic',Images/132.png
A TV show poster with text 'The Revenge on it',Images/133.png
A movie poster titled 'Project A  Part II',Images/134.png
A movie poster with a title text of 'Bedtime for Bonzo',Images/135.png
A movie poster named 'Prayers for the Stolen',Images/136.png
A TV show poster with a title text of 'Mary of Scotland',Images/137.png
A TV show poster named 'Eclipsed',Images/138.png
A TV show poster with text 'Jack Ryan  Shadow Recruit on it',Images/139.png
A movie poster with a title text of 'Another You',Images/140.png
A movie poster named 'Half a Chance',Images/141.png
A movie poster with a title text of 'Silencer',Images/142.png
A poster design with a title text of 'Meatball Machine',Images/143.png
A TV show poster with logo 'Red Nights' on it,Images/144.png
A movie poster named 'The Young Lions',Images/145.png
A poster with a title text of 'Bad Day at Black Rock',Images/146.png
A movie poster with logo 'Merry Big Mess' on it,Images/147.png
A movie poster with a title text of 'Football',Images/148.png
A TV show poster named 'Rich Kids',Images/149.png
A movie poster of 'Childhood Lost',Images/150.png
A poster design with a title text of 'Saving Grace B  Jones',Images/151.png
A poster with a title text of 'Event Horizon',Images/152.png
A movie poster with a title text of 'Mr  Harrigan s Phone',Images/153.png
A movie poster with text 'Up and Vanished' on it,Images/154.png
A movie poster with logo 'Night Flowers' on it,Images/155.png
A TV show poster with text 'Pokerboys   The Movie on it',Images/156.png
A poster with a title text of 'Living It Up',Images/157.png
A TV show poster with text 'Color Runaway Dog on it',Images/158.png
A TV show poster with a title text of 'Two',Images/159.png
A poster with a title text of 'Corduroy',Images/160.png
A movie poster with logo 'The Lightkeepers' on it,Images/161.png
A TV show poster with text 'Only the Strong on it',Images/162.png
A poster design with a title text of 'Meetin  WA',Images/163.png
A TV show poster with a title text of 'Hold the Dark',Images/164.png
A TV show poster of 'The Hero',Images/165.png
A movie poster with a title text of 'Saw V',Images/166.png
A TV show poster with logo 'Class Act' on it,Images/167.png
A TV show poster of 'Hanya Namamu Laila',Images/168.png
A movie poster named 'Busted  Pigs Can Fly Tour 2016',Images/169.png
A TV show poster with logo 'Good Luck Jeffrey Brown' on it,Images/170.png
A movie poster with logo 'The World s Most Expensive Paintings' on it,Images/171.png
A movie poster titled 'Something Rich and Strange  The Life and Music of Iannis Xenakis',Images/172.png
A movie poster titled 'Therapy',Images/173.png
A movie poster with a title text of 'Another Happy Day',Images/174.png
A poster with a title text of 'The Duke Is Tops',Images/175.png
A poster design with a title text of 'The Middleman',Images/176.png
A movie poster named 'When Cars Attack',Images/177.png
A movie poster named 'Descendant of the Sun',Images/178.png
A poster with a title text of 'The Plant Collector',Images/179.png
A TV show poster of 'Mayday',Images/180.png
A movie poster with logo 'After Earth' on it,Images/181.png
A TV show poster titled 'The Wrecking Crew',Images/182.png
A poster with a title text of 'My Own Private Idaho',Images/183.png
A TV show poster named 'META',Images/184.png
A movie poster with logo 'The Young Master' on it,Images/185.png
A TV show poster with a title text of 'Project Power',Images/186.png
A movie poster titled 'Bubble Boy',Images/187.png
A movie poster titled 'The Colossus of New York',Images/188.png
A TV show poster titled 'Ctrl Z',Images/189.png
A movie poster with text 'A Beautiful Day in the Neighborhood' on it,Images/190.png
A TV show poster with logo 'Model Behavior' on it,Images/191.png
A TV show poster titled 'Kiss Kiss Bang Bang',Images/192.png
A movie poster titled 'The Ninja Immovable Heart',Images/193.png
A poster with a title text of 'Clouds',Images/194.png
A TV show poster with a title text of 'Blue Rebellion',Images/195.png
A TV show poster of 'Angels Wear White',Images/196.png
A TV show poster of 'Wine War',Images/197.png
A poster design with a title text of 'Gasoline Alley',Images/198.png
A TV show poster with a title text of 'Mausoleum',Images/199.png
A movie poster named 'Super Greed  The Fight for Football',Images/200.png
